id,country
1,China
2,Albania
3,Kazakhstan
4,Afghanistan
5,China
6,Brazil
7,Syria
8,China
9,Philippines
10,Norway
11,Palestinian Territory
12,China
13,Russia
14,Indonesia
15,Yemen
16,Norway
17,China
18,Peru
19,Colombia
20,China
21,France
22,Russia
23,Indonesia
24,China
25,China
26,United States
27,China
28,United States
29,China
30,China
31,Bangladesh
32,Mexico
33,Japan
34,Libya
35,Portugal
36,Russia
37,Albania
38,China
39,China
40,Poland
41,Mexico
42,China
43,Kazakhstan
44,Russia
45,China
46,Ireland
47,China
48,Philippines
49,Philippines
50,Russia
51,China
52,Japan
53,China
54,Indonesia
55,Colombia
56,Russia
57,China
58,Norway
59,China
60,South Korea
61,Ukraine
62,Sweden
63,Philippines
64,United States
65,Madagascar
66,Sweden
67,Philippines
68,Greece
69,Guam
70,Pakistan
71,China
72,China
73,Indonesia
74,Indonesia
75,Peru
76,Russia
77,Philippines
78,United States
79,Indonesia
80,China
81,Argentina
82,Argentina
83,Portugal
84,Tunisia
85,Indonesia
86,Brazil
87,Argentina
88,Myanmar
89,Sweden
90,Indonesia
91,Japan
92,China
93,Indonesia
94,United States
95,Czech Republic
96,China
97,United States
98,Philippines
99,Cuba
100,China
101,France
102,Kosovo
103,Philippines
104,China
105,China
106,Ireland
107,China
108,Argentina
109,China
110,Comoros
111,Brazil
112,Afghanistan
113,Sweden
114,Sweden
115,China
116,Colombia
117,Moldova
118,Ukraine
119,Ukraine
120,Ukraine
121,Honduras
122,China
123,Portugal
124,Portugal
125,Indonesia
126,Peru
127,Oman
128,Thailand
129,Indonesia
130,South Africa
131,Philippines
132,Mexico
133,Indonesia
134,France
135,Argentina
136,Philippines
137,China
138,Indonesia
139,Brazil
140,Brazil
141,Vietnam
142,Indonesia
143,Pakistan
144,China
145,Jordan
146,China
147,Ukraine
148,Brazil
149,China
150,China
151,China
152,Brazil
153,China
154,Peru
155,Portugal
156,China
157,China
158,France
159,China
160,Brazil
161,China
162,Czech Republic
163,Costa Rica
164,Indonesia
165,Russia
166,China
167,Honduras
168,China
169,Russia
170,Indonesia
171,China
172,China
173,Indonesia
174,France
175,China
176,Indonesia
177,China
178,Japan
179,Kazakhstan
180,Ukraine
181,Peru
182,Croatia
183,Indonesia
184,Mali
185,Paraguay
186,Indonesia
187,Greece
188,Thailand
189,Philippines
190,Greece
191,China
192,China
193,Argentina
194,Russia
195,China
196,Colombia
197,Russia
198,Spain
199,Nigeria
200,Czech Republic
201,Japan
202,Argentina
203,Mongolia
204,France
205,Indonesia
206,Portugal
207,Canada
208,Argentina
209,Belarus
210,Indonesia
211,United States
212,Greece
213,Portugal
214,Indonesia
215,Israel
216,China
217,Sweden
218,Aland Islands
219,Ukraine
220,China
221,Vietnam
222,United States
223,France
224,Bangladesh
225,Bulgaria
226,Iran
227,Mexico
228,China
229,Russia
230,China
231,Japan
232,China
233,Hungary
234,Thailand
235,Norway
236,China
237,Ukraine
238,China
239,Portugal
240,Argentina
241,Portugal
242,Macedonia
243,China
244,Dominican Republic
245,China
246,Poland
247,Russia
248,Brazil
249,China
250,Finland
251,China
252,Kyrgyzstan
253,Colombia
254,Ukraine
255,Thailand
256,Brazil
257,China
258,China
259,Tanzania
260,Haiti
261,Brazil
262,Greece
263,Bulgaria
264,Indonesia
265,Malaysia
266,Russia
267,Russia
268,Russia
269,China
270,Thailand
271,China
272,Mongolia
273,Sierra Leone
274,Cameroon
275,Serbia
276,Poland
277,Indonesia
278,Venezuela
279,Mexico
280,Indonesia
281,Brazil
282,Benin
283,United States
284,United States
285,China
286,Indonesia
287,China
288,Portugal
289,Indonesia
290,South Africa
291,France
292,Pakistan
293,Albania
294,Portugal
295,China
296,Indonesia
297,Indonesia
298,Argentina
299,Sweden
300,Mexico
301,Poland
302,Ethiopia
303,Philippines
304,Indonesia
305,Colombia
306,Canada
307,Brazil
308,Japan
309,Russia
310,Thailand
311,Afghanistan
312,Chile
313,Malaysia
314,Philippines
315,Czech Republic
316,Thailand
317,China
318,France
319,Indonesia
320,Indonesia
321,Estonia
322,China
323,China
324,Russia
325,Sweden
326,Macedonia
327,Mexico
328,Poland
329,Indonesia
330,Poland
331,France
332,Thailand
333,China
334,Philippines
335,China
336,China
337,Colombia
338,Mauritania
339,Poland
340,Indonesia
341,Indonesia
342,Russia
343,Venezuela
344,Ethiopia
345,Indonesia
346,China
347,China
348,China
349,Brazil
350,Japan
351,Indonesia
352,Saudi Arabia
353,Colombia
354,China
355,Poland
356,Colombia
357,United States
358,Japan
359,Canada
360,China
361,Thailand
362,Thailand
363,Sweden
364,Indonesia
365,Portugal
366,China
367,France
368,Indonesia
369,Brazil
370,France
371,Thailand
372,Mongolia
373,Norway
374,Peru
375,Indonesia
376,Russia
377,China
378,Poland
379,China
380,Russia
381,Colombia
382,Kenya
383,South Africa
384,Portugal
385,Philippines
386,Sweden
387,North Korea
388,Netherlands
389,Sweden
390,United States
391,Philippines
392,China
393,Colombia
394,Czech Republic
395,Philippines
396,China
397,Indonesia
398,Iran
399,Azerbaijan
400,China
401,Philippines
402,Ukraine
403,China
404,Moldova
405,France
406,Indonesia
407,Greece
408,Czech Republic
409,China
410,Kazakhstan
411,Brazil
412,China
413,Portugal
414,Latvia
415,Poland
416,France
417,Russia
418,Indonesia
419,Czech Republic
420,Morocco
421,Guatemala
422,Peru
423,Bulgaria
424,Philippines
425,Indonesia
426,China
427,Ukraine
428,Russia
429,Portugal
430,Poland
431,Reunion
432,Bulgaria
433,Poland
434,Thailand
435,Philippines
436,China
437,Russia
438,China
439,Netherlands
440,Poland
441,China
442,Poland
443,Venezuela
444,Equatorial Guinea
445,Ukraine
446,Chad
447,Indonesia
448,Russia
449,China
450,Indonesia
451,Honduras
452,Philippines
453,Azerbaijan
454,Brazil
455,Brazil
456,Indonesia
457,Thailand
458,Sweden
459,Canada
460,United States
461,China
462,Russia
463,Philippines
464,China
465,Singapore
466,Czech Republic
467,Mongolia
468,Philippines
469,Indonesia
470,United Kingdom
471,Peru
472,Sweden
473,Brazil
474,Brazil
475,China
476,Mauritius
477,Russia
478,Russia
479,Colombia
480,Japan
481,Thailand
482,Honduras
483,Bangladesh
484,Philippines
485,China
486,New Zealand
487,China
488,Brazil
489,Philippines
490,Brazil
491,United Arab Emirates
492,Philippines
493,Greece
494,China
495,Afghanistan
496,China
497,China
498,China
499,China
500,Russia
501,China
502,China
503,China
504,Ukraine
505,Egypt
506,Sweden
507,Poland
508,Syria
509,Hungary
510,Mali
511,Cuba
512,Nepal
513,Jamaica
514,Italy
515,China
516,Argentina
517,Russia
518,Philippines
519,Jordan
520,Nicaragua
521,China
522,China
523,Greece
524,Montenegro
525,United States
526,Angola
527,Mauritania
528,China
529,Indonesia
530,Philippines
531,China
532,China
533,Poland
534,Honduras
535,China
536,Peru
537,Indonesia
538,China
539,China
540,France
541,Poland
542,China
543,Yemen
544,Greece
545,French Polynesia
546,China
547,Philippines
548,Ivory Coast
549,China
550,China
551,Philippines
552,Sweden
553,Brazil
554,Malaysia
555,Peru
556,Nigeria
557,Portugal
558,China
559,New Zealand
560,Bosnia and Herzegovina
561,Brazil
562,Japan
563,Indonesia
564,Brazil
565,China
566,China
567,China
568,Philippines
569,Albania
570,China
571,Mongolia
572,Chile
573,Colombia
574,China
575,Indonesia
576,Canada
577,Netherlands
578,South Africa
579,Indonesia
580,Myanmar
581,France
582,France
583,Poland
584,Indonesia
585,China
586,Palestinian Territory
587,Indonesia
588,Democratic Republic of the Congo
589,Panama
590,China
591,Brazil
592,Brazil
593,Poland
594,Ivory Coast
595,Philippines
596,Germany
597,Sweden
598,Sudan
599,Latvia
600,Nigeria
601,Russia
602,Serbia
603,Japan
604,New Zealand
605,Indonesia
606,Poland
607,Philippines
608,Bosnia and Herzegovina
609,China
610,Bhutan
611,Cameroon
612,Portugal
613,Argentina
614,Philippines
615,China
616,Indonesia
617,Thailand
618,Colombia
619,Brazil
620,France
621,Canada
622,China
623,Sweden
624,Pakistan
625,Bulgaria
626,Poland
627,Poland
628,China
629,Morocco
630,Peru
631,Indonesia
632,China
633,Jamaica
634,Indonesia
635,Croatia
636,Guatemala
637,Portugal
638,Nigeria
639,Poland
640,Poland
641,Uzbekistan
642,Sweden
643,Philippines
644,Argentina
645,Canada
646,China
647,Norway
648,Indonesia
649,Colombia
650,Russia
651,Poland
652,Portugal
653,Peru
654,Czech Republic
655,Armenia
656,Nigeria
657,Portugal
658,Brazil
659,China
660,Mexico
661,Russia
662,China
663,United Kingdom
664,Mongolia
665,Thailand
666,Uzbekistan
667,Colombia
668,Indonesia
669,Greece
670,Philippines
671,United States
672,Nepal
673,Philippines
674,Croatia
675,Philippines
676,China
677,Philippines
678,Indonesia
679,Russia
680,United States
681,South Africa
682,China
683,Japan
684,Indonesia
685,Russia
686,Poland
687,Nigeria
688,Indonesia
689,Ukraine
690,Albania
691,Vietnam
692,Croatia
693,Sweden
694,Indonesia
695,Indonesia
696,China
697,China
698,Ivory Coast
699,Indonesia
700,Peru
701,Japan
702,Colombia
703,Indonesia
704,Tajikistan
705,Ukraine
706,Colombia
707,China
708,British Virgin Islands
709,China
710,Sweden
711,China
712,Kazakhstan
713,China
714,Mongolia
715,Indonesia
716,Poland
717,Kenya
718,Poland
719,Japan
720,Georgia
721,Mexico
722,Greece
723,Belarus
724,Russia
725,China
726,South Korea
727,United States
728,Vietnam
729,China
730,China
731,Czech Republic
732,Portugal
733,Burkina Faso
734,Russia
735,Ukraine
736,Belarus
737,Indonesia
738,China
739,Argentina
740,Afghanistan
741,Honduras
742,Libya
743,Spain
744,Belarus
745,Kenya
746,Japan
747,Philippines
748,France
749,Colombia
750,Russia
751,Greece
752,Indonesia
753,Ivory Coast
754,Peru
755,Poland
756,China
757,Madagascar
758,United Kingdom
759,Greece
760,Tanzania
761,Ukraine
762,Indonesia
763,China
764,China
765,Sweden
766,Russia
767,Czech Republic
768,China
769,Japan
770,Sweden
771,Monaco
772,Philippines
773,Pakistan
774,Spain
775,Bulgaria
776,China
777,Nigeria
778,Ukraine
779,China
780,Iran
781,Russia
782,Mexico
783,Zambia
784,France
785,Russia
786,Poland
787,Indonesia
788,Nigeria
789,Finland
790,China
791,Philippines
792,Czech Republic
793,Argentina
794,China
795,Argentina
796,El Salvador
797,Sri Lanka
798,El Salvador
799,Angola
800,Egypt
801,Greece
802,El Salvador
803,Philippines
804,Venezuela
805,Czech Republic
806,China
807,China
808,China
809,Indonesia
810,Russia
811,Russia
812,Japan
813,China
814,Brazil
815,Russia
816,China
817,Ukraine
818,Germany
819,China
820,Tanzania
821,Argentina
822,Canada
823,China
824,Serbia
825,Poland
826,Tunisia
827,Indonesia
828,Cuba
829,Uzbekistan
830,Russia
831,Tanzania
832,Peru
833,Lithuania
834,Tanzania
835,Russia
836,Poland
837,Sweden
838,Guinea
839,Brazil
840,Portugal
841,China
842,France
843,United States
844,Indonesia
845,China
846,China
847,Russia
848,Ukraine
849,Poland
850,Poland
851,China
852,South Africa
853,China
854,Indonesia
855,Czech Republic
856,China
857,Azerbaijan
858,Finland
859,Zambia
860,Indonesia
861,Russia
862,Thailand
863,Indonesia
864,Peru
865,China
866,Poland
867,China
868,Portugal
869,Russia
870,China
871,China
872,Jamaica
873,China
874,China
875,Mexico
876,Indonesia
877,Indonesia
878,Ukraine
879,Russia
880,Portugal
881,Bulgaria
882,Czech Republic
883,China
884,China
885,Indonesia
886,Russia
887,China
888,Portugal
889,Russia
890,Kazakhstan
891,Indonesia
892,New Zealand
893,Morocco
894,Vietnam
895,China
896,Argentina
897,Ukraine
898,Costa Rica
899,United States
900,China
901,Russia
902,China
903,Comoros
904,China
905,China
906,China
907,Syria
908,Indonesia
909,China
910,Bulgaria
911,Bolivia
912,Czech Republic
913,Portugal
914,Canada
915,Albania
916,Russia
917,Russia
918,Costa Rica
919,Brazil
920,Germany
921,Venezuela
922,China
923,Brazil
924,China
925,Indonesia
926,Vietnam
927,Canada
928,China
929,Libya
930,China
931,Albania
932,Argentina
933,China
934,Indonesia
935,Guatemala
936,Indonesia
937,China
938,China
939,France
940,Malaysia
941,Ukraine
942,Portugal
943,Norway
944,Russia
945,China
946,Sweden
947,Indonesia
948,Japan
949,Uganda
950,Mexico
951,Mongolia
952,Brazil
953,Myanmar
954,Russia
955,Ecuador
956,Czech Republic
957,Botswana
958,Sweden
959,Honduras
960,Indonesia
961,Indonesia
962,Canada
963,Brazil
964,Netherlands
965,Dominican Republic
966,Mexico
967,China
968,Greece
969,France
970,Poland
971,Kenya
972,Yemen
973,Russia
974,Honduras
975,China
976,Egypt
977,Philippines
978,United States
979,Zambia
980,China
981,Indonesia
982,China
983,Czech Republic
984,France
985,Ukraine
986,China
987,United States
988,China
989,Peru
990,Indonesia
991,Brazil
992,Netherlands
993,Zambia
994,Palestinian Territory
995,Thailand
996,Poland
997,Sweden
998,Afghanistan
999,Bulgaria
1000,China
